id	rate
01001	19.1
01003	17.7
01005	25.1
01007	25.3
01009	19.4
01011	8.2
01013	19.2
01015	13.9
01017	14.2
01019	15.8
01021	13.5
01023	17.4
01025	23.5
01027	18.9
01029	18.7
01031	19.9
01033	20.8
01035	22.1
01037	19.6
01039	21.5
01041	23
01043	20.6
01045	15.8
01047	17.7
01049	24.1
01051	20.7
01053	30.9
01055	19.8
01057	16.6
01059	23.3
01061	24.7
01063	22.3
01065	18.7
01067	16.4
01069	18
01071	23.2
01073	13.2
01075	26.7
01077	12.7
01079	16.1
01081	7.3
01083	24.2
01085	33.9
01087	10.5
01089	12.8
01091	18.2
01093	29.2
01095	20.4
01097	19.7
01099	29.8
01101	19.9
01103	20
01105	11.1
01107	18.8
01109	3.7
01111	27.4
01113	26.7
01115	18.7
01117	13.1
01119	10.6
01121	21.1
01123	21.7
01125	8.7
01127	16.9
01129	25.5
01131	23.5
01133	19.9
02013	14.5
02016	11.3
02020	13.7
02050	41.3
02060	24.7
02068	11.7
02070	21.6
02090	10.5
02100	0.5
02105	24.4
02110	15.7
02122	20.9
02130	19.7
02150	11.1
02158	35
02164	23.4
02170	21.5
02180	24.1
02185	16.1
02188	28.2
02195	37.8
02198	14.3
02220	24
02230	10.3
02240	19.4
02261	6.3
02275	11.6
02282	5.8
02290	26.6
04001	25.8
04003	17.9
04005	9.7
04007	25
04009	20.8
04011	26.6
04012	26.3
04013	16.7
04015	25.7
04017	30.7
04019	15.3
04021	28.3
04023	25.2
04025	20.9
04027	20.3
05001	20.3
05003	16
05005	17.6
05007	14.7
05009	10.6
05011	25.1
05013	9.4
05015	23
05017	16.7
05019	4.9
05021	18.4
05023	15.9
05025	21.1
05027	10.9
05029	15.6
05031	7.8
05033	15.7
05035	17
05037	16.4
05039	22.1
05041	21.4
05043	4.8
05045	8.7
05047	20.6
05049	19.8
05051	17.1
05053	12.1
05055	20.5
05057	26.3
05059	13.9
05061	22.5
05063	11.8
05065	21.5
05067	19.2
05069	13
05071	17.2
05073	15.4
05075	14.1
05077	13.9
05079	29.3
05081	9.5
05083	13.8
05085	12.4
05087	13.9
05089	15.3
05091	18.1
05093	19.8
05095	26.4
05097	15.2
05099	18.7
05101	2.1
05103	14.6
05105	14.1
05107	27.8
05109	18.5
05111	21.9
05113	19.2
05115	10.4
05117	26.5
05119	13
05121	13.3
05123	20.7
05125	16.4
05127	10.5
05129	25.1
05131	15.8
05133	29.3
05135	25.6
05137	13.1
05139	18.9
05141	18.8
05143	9.6
05145	11.8
05147	41.5
05149	15.7
06001	10.9
06003	11.2
06005	21.5
06007	8.5
06009	15
06011	14.2
06013	12.7
06015	21.9
06017	11.3
06019	17.4
06021	23.6
06023	9.3
06025	23.6
06027	9.7
06029	19.7
06031	20.3
06033	19.5
06035	32
06037	15.3
06039	27.9
06041	14.3
06043	25.7
06045	17
06047	13.8
06049	36.7
06051	7.7
06053	20.9
06055	15.2
06057	13.4
06059	11.5
06061	10.7
06063	10
06065	15.7
06067	13.9
06069	10.5
06071	16
06073	10.9
06075	5.9
06077	18.7
06079	6.3
06081	11.7
06083	11.1
06085	10.6
06087	8.5
06089	12
06091	40.7
06093	13.9
06095	14.7
06097	13.2
06099	12.2
06101	18.9
06103	14.8
06105	23.7
06107	21.1
06109	16.7
06111	13.7
06113	6
06115	15.2
08001	22
08003	8.8
08005	16.5
08007	20.1
08009	28.9
08011	31.3
08013	5.6
08014	11.5
08015	19.1
08017	22.4
08019	7
08021	21.2
08023	22.8
08025	17.3
08027	36.8
08029	20
08031	15.2
08033	12.3
08035	14.9
08037	20.6
08039	18.2
08041	11.5
08043	33
08045	29.1
08047	23.8
08049	25.9
08051	10.2
08053	0
08055	23.5
08057	30.2
08059	15.5
08061	19.4
08063	25.2
08065	17.5
08067	9.2
08069	7
08071	12.6
08073	19.5
08075	11.2
08077	16.5
08079	0
08081	21.5
08083	36
08085	29
08087	27
08089	20.3
08091	17.3
08093	16.9
08095	22.7
08097	24.1
08099	15.6
08101	20.1
08103	15.8
08105	26.1
08107	10.7
08109	35.2
08111	6
08113	7.8
08115	27.1
08117	12.8
08119	17
08121	22.7
08123	14.4
08125	20.8
09001	14.8
09003	14
09005	11.7
09007	9.2
09009	12.6
09011	8.7
09013	5.1
09015	9.1
10001	15.5
10003	14
10005	17.8
11001	10.5
12001	5.5
12003	17.9
12005	19.6
12007	27.5
12009	15.3
12011	17.1
12013	16.9
12015	23.5
12017	24.1
12019	16
12021	19.2
12023	24.3
12027	40.4
12029	39.8
12031	17.1
12033	12.9
12035	21.4
12037	37.6
12039	24.7
12041	39.5
12043	38.6
12045	29.4
12047	36.9
12049	34.8
12051	30.6
12053	14.5
12055	33
12057	16
12059	28
12061	22.4
12063	23.2
12065	29.2
12067	37.1
12069	21.4
12071	20.7
12073	6.7
12075	22
12077	27.1
12079	33.2
12081	20.2
12083	23.4
12085	18.6
12086	15.4
12087	15
12089	17.5
12091	13.3
12093	36.9
12095	11.9
12097	19.4
12099	17.7
12101	16.3
12103	16.2
12105	21.9
12107	22.8
12109	12.7
12111	21.8
12113	16.2
12115	14.6
12117	11.2
12119	34.6
12121	29
12123	33.1
12125	27
12127	15.7
12129	27.3
12131	22
12133	26.3
13001	26.5
13003	42
13005	42.3
13007	12.9
13009	9.1
13011	15.2
13013	25
13015	26.3
13017	14.1
13019	26.1
13021	17.6
13023	5.4
13025	22.8
13027	28.4
13029	19.9
13031	4.2
13033	32
13035	31.8
13037	36.1
13039	12.5
13043	37.6
13045	14
13047	13.9
13049	30.9
13051	14
13053	8.4
13055	34.7
13057	20.4
13059	4.8
13061	43.3
13063	22.3
13065	27.8
13067	16
13069	20.1
13071	36.5
13073	13.9
13075	27.4
13077	15.2
13079	25.8
13081	27.6
13083	10.9
13085	22.5
13087	24.4
13089	18
13091	23.3
13093	27.3
13095	23.8
13097	19.1
13099	24.5
13101	26.4
13103	16.3
13105	20
13107	19.7
13109	15.2
13111	25.1
13113	19.9
13115	16.1
13117	19.3
13119	19.2
13121	13.3
13123	25.4
13125	14.5
13127	20.5
13129	27.2
13131	20.8
13133	19.9
13135	17.2
13137	20
13139	20.6
13141	46.6
13143	19.9
13145	14.2
13147	27.7
13149	28.4
13151	19.3
13153	13.5
13155	22.8
13157	17.6
13159	16.2
13161	46.4
13163	31.6
13165	31.3
13167	30
13169	18.9
13171	19.8
13173	25.9
13175	24.3
13177	22.6
13179	10.7
13181	15.2
13183	15.9
13185	13.9
13187	9.3
13189	35.2
13191	3.3
13193	43.7
13195	18.6
13197	29.4
13199	35.9
13201	23.7
13205	34.2
13207	25.7
13209	18.4
13211	10
13213	24.8
13215	12.5
13217	22.2
13219	12
13221	19.5
13223	14.2
13225	8.7
13227	16.9
13229	21.4
13231	12.8
13233	36
13235	21.9
13237	17.4
13239	11.8
13241	25.9
13243	36.4
13245	20
13247	18.8
13249	15.6
13251	30.1
13253	30.4
13255	25.8
13257	25
13259	55.1
13261	17.8
13263	26.7
13265	16.8
13267	46.4
13269	40.8
13271	33.2
13273	30.7
13275	29.3
13277	17.5
13279	25.8
13281	7.1
13283	28.4
13285	19
13287	30.6
13289	28.8
13291	27.8
13293	24.3
13295	20.3
13297	14.7
13299	37.6
13301	19.5
13303	21.9
13305	26.2
13307	27.5
13309	30.5
13311	10.2
13313	20.5
13315	31.6
13317	35.1
13319	13.1
13321	23.4
15001	12.7
15003	7
15005	0
15007	7.1
15009	12
16001	10.4
16003	36.7
16005	7.7
16007	23.8
16009	15.8
16011	17.2
16013	17.5
16015	19.4
16017	23.8
16019	16.7
16021	38.9
16023	46.3
16025	33.9
16027	19
16029	9.8
16031	18.5
16033	4.2
16035	29
16037	34.5
16039	10.5
16041	24
16043	19.2
16045	18.5
16047	23
16049	25.8
16051	18.9
16053	26.6
16055	16
16057	2.9
16059	12.5
16061	41.2
16063	16
16065	4.3
16067	15.9
16069	8.9
16071	17.1
16073	26.8
16075	27.1
16077	26.1
16079	23.1
16081	23.6
16083	16.3
16085	19.5
16087	12.8
17001	14.9
17003	14.2
17005	11.2
17007	21.3
17009	28.9
17011	18
17013	17.6
17015	15.2
17017	16
17019	4.3
17021	17.2
17023	11.9
17025	17.7
17027	17.4
17029	6.4
17031	14.9
17033	18.1
17035	14
17037	5.6
17039	16.7
17041	29.6
17043	10.1
17045	17.6
17047	12
17049	14.3
17051	25.3
17053	27.2
17055	21.9
17057	17.4
17059	19.9
17061	20.3
17063	15.2
17065	20.9
17067	15.4
17069	14.2
17071	16.5
17073	15.5
17075	17.1
17077	4.9
17079	5.7
17081	16.3
17083	9.4
17085	21.1
17087	24.3
17089	18.4
17091	10.7
17093	13.4
17095	11.7
17097	12.8
17099	14.7
17101	49
17103	16.5
17105	24.5
17107	16.7
17109	4.6
17111	14.4
17113	5.8
17115	11.9
17117	14.9
17119	9.9
17121	19
17123	15.5
17125	16.3
17127	18.6
17129	16.5
17131	14.3
17133	11
17135	25.9
17137	10.3
17139	18
17141	12.3
17143	12.5
17145	22.3
17147	17.4
17149	18.6
17151	31.7
17153	18.8
17155	7.2
17157	17.4
17159	17.6
17161	12.6
17163	15.3
17165	27.9
17167	15
17169	5.9
17171	21.3
17173	7.3
17175	13.7
17177	18.9
17179	12.7
17181	14.6
17183	18.9
17185	10.2
17187	4.3
17189	18.5
17191	14.5
17193	20.3
17195	16.9
17197	13
17199	11.7
17201	18.6
17203	14.7
18001	33.9
18003	17.3
18005	19
18007	17.6
18009	18.8
18011	18.3
18013	25
18015	21.1
18017	29.7
18019	19.8
18021	22
18023	20.2
18025	25.6
18027	38.4
18029	23.1
18031	23.2
18033	17.7
18035	9.4
18037	14.8
18039	27.3
18041	31
18043	14.7
18045	23.2
18047	24.7
18049	21.3
18051	17
18053	11.3
18055	15.3
18057	18.4
18059	18.3
18061	17.3
18063	19.5
18065	24
18067	25.4
18069	12
18071	20
18073	16.4
18075	17.1
18077	18.9
18079	17.1
18081	18.8
18083	11.2
18085	21.1
18087	59.7
18089	19.8
18091	22.6
18093	22.9
18095	21.3
18097	20.4
18099	28
18101	15.3
18103	24.9
18105	3.9
18107	19.6
18109	14.7
18111	29
18113	24
18115	17.5
18117	18.9
18119	28.8
18121	31
18123	28.3
18125	21.5
18127	13
18129	22.9
18131	30.2
18133	12.5
18135	20.7
18137	17.7
18139	22
18141	13.5
18143	24.8
18145	20.7
18147	20.8
18149	25.2
18151	12.1
18153	25.5
18155	31.2
18157	4.9
18159	26.4
18161	23.2
18163	13.2
18165	18.2
18167	11.8
18169	11.9
18171	23.1
18173	15.7
18175	32.2
18177	19
18179	16.8
18181	21.3
18183	22.7
19001	8.6
19003	23.3
19005	9.4
19007	21.6
19009	21.2
19011	21.1
19013	6.5
19015	17.5
19017	8.2
19019	18.9
19021	15.5
19023	11.5
19025	19.9
19027	15.1
19029	18.5
19031	12.5
19033	8.9
19035	21.4
19037	17.8
19039	13
19041	12.7
19043	12.4
19045	17.6
19047	24
19049	18
19051	42.9
19053	12.4
19055	13
19057	16.3
19059	17.4
19061	7
19063	20.8
19065	9.6
19067	21.7
19069	17.9
19071	16.6
19073	18.8
19075	9
19077	7
19079	10.5
19081	17
19083	12
19085	20.3
19087	21
19089	20.9
19091	11.6
19093	12.1
19095	15.9
19097	15.1
19099	16.3
19101	6.7
19103	4.1
19105	18.5
19107	14.2
19109	13.6
19111	15.4
19113	9.9
19115	20.2
19117	12.8
19119	13.4
19121	20.2
19123	7
19125	8.2
19127	24.7
19129	22.3
19131	18.1
19133	17.7
19135	18.6
19137	21.4
19139	15.7
19141	20.7
19143	27.1
19145	22.8
19147	8.6
19149	17.7
19151	7.8
19153	12.6
19155	13.2
19157	7
19159	20.2
19161	16.2
19163	12.4
19165	14.4
19167	8.9
19169	1.6
19171	16.5
19173	14.7
19175	21.8
19177	25.6
19179	22.8
19181	9.3
19183	16.5
19185	40.9
19187	10.9
19189	6.4
19191	3.8
19193	14.4
19195	13.8
19197	18.2
20001	7.3
20003	12.7
20005	5
20007	26.2
20009	13.8
20011	12.6
20013	21.4
20015	15.8
20017	15.9
20019	19.1
20021	19.5
20023	21.4
20025	19.6
20027	7.7
20029	14.8
20031	16.1
20033	32.2
20035	12.8
20037	6
20039	11.3
20041	12.4
20043	7.3
20045	2.8
20047	16.3
20049	6.5
20051	2.9
20053	20.9
20055	26.7
20057	19.7
20059	10.9
20061	8
20063	8.7
20065	19.2
20067	37.8
20069	33.5
20071	4.8
20073	8.6
20075	25.1
20077	17.1
20079	13
20081	38
20083	24.5
20085	23.4
20087	16
20089	6.3
20091	11.5
20093	30
20095	10.3
20097	8.5
20099	15
20101	25.2
20103	13.3
20105	11.2
20107	20.6
20109	27.5
20111	9.3
20113	15.9
20115	15.2
20117	16.9
20119	28.1
20121	14.5
20123	16.5
20125	17.3
20127	20.8
20129	21.1
20131	13.6
20133	9.4
20135	31.1
20137	25.1
20139	15.7
20141	18
20143	17.1
20145	26
20147	33.2
20149	9.2
20151	11.9
20153	29.1
20155	20.2
20157	20.2
20159	20.5
20161	2.5
20163	12.6
20165	22
20167	25.2
20169	14.5
20171	21
20173	15.4
20175	25.7
20177	15.8
20179	6.7
20181	25.6
20183	10
20185	25.3
20187	21.3
20189	38.7
20191	20.4
20193	12.2
20195	3.4
20197	10.8
20199	25.6
20201	14.8
20203	36.9
20205	20
20207	7.8
20209	24.7
21001	9.5
21003	20.8
21005	15.4
21007	8.7
21009	20.7
21011	22.4
21013	20.6
21015	13
21017	16.7
21019	22.2
21021	10.8
21023	22.3
21025	19.9
21027	23.1
21029	10.7
21031	29
21033	7.7
21035	2.5
21037	9.4
21039	15
21041	18.5
21043	14.4
21045	17.9
21047	12.2
21049	13.7
21051	30.4
21053	20.7
21055	17.9
21057	35.6
21059	11.3
21061	19.8
21063	21.8
21065	14.8
21067	7.3
21069	19.6
21071	16.2
21073	11.7
21075	26.2
21077	12.7
21079	19.3
21081	10.5
21083	15.7
21085	18.3
21087	20.9
21089	10.7
21091	12.3
21093	10
21095	27.7
21097	29.6
21099	35
21101	22
21103	26.4
21105	16.5
21107	17.1
21109	23
21111	15.2
21113	15.1
21115	20.6
21117	16.9
21119	17.4
21121	20
21123	9.6
21125	16.1
21127	19.8
21129	32.8
21131	23.4
21133	24.7
21135	24.3
21137	14.9
21139	22.7
21141	20.3
21143	19.7
21145	17.2
21147	19
21149	13.6
21151	5.7
21153	13.1
21155	15.9
21157	23.5
21159	19.8
21161	18.3
21163	20.1
21165	14.4
21167	11.9
21169	17.7
21171	16.3
21173	21.7
21175	23.5
21177	20
21179	12.1
21181	21.9
21183	12.3
21185	17.4
21187	17
21189	33
21191	10.7
21193	23
21195	19.5
21197	30.1
21199	16
21201	5
21203	9.4
21205	9
21207	16.1
21209	15
21211	26.3
21213	17.2
21215	12.8
21217	9.6
21219	19.3
21221	15.1
21223	22.4
21225	29.8
21227	8
21229	14.8
21231	16.6
21233	17.5
21235	10.7
21237	9.2
21239	9.4
22001	24.6
22003	31.5
22005	14.4
22007	23.9
22009	34.2
22011	29.6
22013	20.3
22015	18.7
22017	22.2
22019	15.4
22021	26.3
22023	34
22025	35.1
22027	38.2
22029	26.8
22031	31
22033	12.8
22035	39.7
22037	32.8
22039	33.7
22041	29.2
22043	15.8
22045	23.5
22047	25.2
22049	30
22051	17.6
22053	28
22055	15.2
22057	17.8
22059	30.8
22061	12.4
22063	21.6
22065	32.4
22067	30.7
22069	16.7
22071	15.9
22073	17
22075	20.6
22077	34.2
22079	20.7
22081	19
22083	25.8
22085	21.8
22087	18.6
22089	21.7
22091	26.3
22093	26.1
22095	21.2
22097	26.8
22099	19.8
22101	24.1
22103	23.9
22105	14.7
22107	40.4
22109	24.4
22111	25.2
22113	25
22115	11.5
22117	23.9
22119	22.8
22121	18.4
22123	33
22125	10.1
22127	27.7
23001	13.4
23003	12.8
23005	10
23007	10.2
23009	7.8
23011	10.5
23013	16.6
23015	20.9
23017	19
23019	10.2
23021	16
23023	11.5
23025	16.4
23027	11.6
23029	17.2
23031	9.3
24001	9.2
24003	11.8
24005	8.2
24009	8.1
24011	19.6
24013	6.6
24015	17.2
24017	11.5
24019	21.2
24021	8.3
24023	15.8
24025	9.1
24027	10.7
24029	7.8
24031	12.7
24033	12.6
24035	13.6
24037	12.5
24039	12.6
24041	16.1
24043	18
24045	8.6
24047	13.7
24510	17
25001	11.5
25003	13.5
25005	12.9
25007	6.7
25009	14.7
25011	12.9
25013	17.5
25015	4.6
25017	9.2
25019	19.8
25021	8.7
25023	11.1
25025	8
25027	10.9
26001	20.6
26003	26.9
26005	17.5
26007	14.8
26009	25.4
26011	18.2
26013	28.8
26015	18.6
26017	12.9
26019	17.9
26021	17.6
26023	24.7
26025	14.2
26027	24.7
26029	11.2
26031	11.4
26033	12.4
26035	21.2
26037	9.3
26039	21.7
26041	16.7
26043	28.3
26045	11.7
26047	10.4
26049	19.7
26051	24.9
26053	15.6
26055	12.3
26057	11.3
26059	14
26061	5.8
26063	13.6
26065	5.9
26067	17
26069	25.2
26071	21.4
26073	5.1
26075	16.8
26077	7.1
26079	19.9
26081	13.2
26083	20.8
26085	36.9
26087	15
26089	17.1
26091	14
26093	12.6
26095	25.7
26097	15.8
26099	13.6
26101	27.8
26103	6.4
26105	24.5
26107	8.7
26109	19.9
26111	13.1
26113	14.1
26115	12.5
26117	18.2
26119	32.3
26121	17.9
26123	21.8
26125	11.7
26127	30
26129	28.6
26131	31.1
26133	23.8
26135	37.1
26137	20.5
26139	8.8
26141	16.2
26143	19.4
26145	15.6
26147	16.7
26149	25.2
26151	17.8
26153	16.7
26155	14
26157	20.4
26159	29.2
26161	5.6
26163	18.8
26165	19
27001	19.4
27003	15.9
27005	18.5
27007	12.8
27009	12.6
27011	43.3
27013	3.1
27015	8.6
27017	13.8
27019	13.1
27021	18
27023	22.7
27025	19.1
27027	5.2
27029	20.8
27031	11.8
27033	29.4
27035	12.8
27037	13.4
27039	13.3
27041	11.5
27043	15.6
27045	21.7
27047	15.9
27049	14.8
27051	15.7
27053	12.1
27055	11.8
27057	19.9
27059	13.1
27061	14.7
27063	10.7
27065	14.6
27067	18.7
27069	16.4
27071	18.8
27073	23.3
27075	13.3
27077	12.9
27079	12.8
27081	17.9
27083	7.3
27085	15.1
27087	27.5
27089	20.4
27091	19.6
27093	20.2
27095	18.4
27097	16.2
27099	27.4
27101	18.9
27103	3.8
27105	41.1
27107	14.4
27109	14
27111	16.4
27113	13.4
27115	14.8
27117	22.5
27119	14.9
27121	20.2
27123	12.7
27125	12.9
27127	17.3
27129	16.1
27131	8.8
27133	14.4
27135	18.9
27137	9
27139	15.6
27141	16.4
27143	18.9
27145	7
27147	15.5
27149	5.3
27151	17.6
27153	24.4
27155	10.3
27157	13.8
27159	22.3
27161	12.6
27163	13.6
27165	24
27167	16.1
27169	4.4
27171	16.1
27173	15.8
28001	16.7
28003	19.2
28005	23.5
28007	25.1
28009	16.8
28011	12.9
28013	23.9
28015	35.1
28017	24.5
28019	15
28021	9.9
28023	16.6
28025	23.1
28027	16.3
28029	15.3
28031	21
28033	18.1
28035	9.2
28037	14.2
28039	18.3
28041	20.9
28043	35.7
28045	17.9
28047	14.8
28049	17.3
28051	13.8
28053	24.6
28055	38.8
28057	8
28059	18.4
28061	18.7
28063	15.9
28065	24.4
28067	18.3
28069	31.6
28071	4.3
28073	12.7
28075	17.9
28077	20.6
28079	28.3
28081	19.5
28083	17.1
28085	16
28087	16.1
28089	15.4
28091	27.6
28093	14.4
28095	21.7
28097	26.9
28099	24.8
28101	17.9
28103	21.2
28105	3.9
28107	24.7
28109	14
28111	31
28113	26.7
28115	14.9
28117	20.4
28119	10.7
28121	15.2
28123	22.9
28125	31.2
28127	22.7
28129	24.9
28131	13.2
28133	23.3
28135	36.6
28137	19.8
28139	12.6
28141	17.9
28143	17.8
28145	20.8
28147	9.8
28149	21.9
28151	28.3
28153	23
28155	9.1
28157	28.5
28159	33.8
28161	9.7
28163	26.3
29001	4.5
29003	21.1
29005	14.3
29007	25.4
29009	23
29011	22.3
29013	11.9
29015	24.1
29017	16.7
29019	3.9
29021	18.3
29023	16.1
29025	33
29027	11.5
29029	17.7
29031	9
29033	16.9
29035	13.9
29037	18.2
29039	19.1
29041	16.1
29043	12.7
29045	12.1
29047	13.3
29049	11.7
29051	18.7
29053	28.1
29055	30.1
29057	15
29059	23.6
29061	42.1
29063	20.1
29065	34.1
29067	20.6
29069	28.4
29071	16.1
29073	8.8
29075	17
29077	8.2
29079	11.6
29081	28.6
29083	18.9
29085	21.7
29087	20.8
29089	12
29091	18.7
29093	16.4
29095	14.2
29097	11.9
29099	15.3
29101	4.5
29103	26.9
29105	24.6
29107	18.5
29109	17.7
29111	9.5
29113	20.7
29115	20.2
29117	20.9
29119	32.4
29121	20.5
29123	16.4
29125	29.5
29127	13.8
29129	24.7
29131	23.6
29133	22.2
29135	29.2
29137	15.7
29139	19.9
29141	32.4
29143	16.3
29145	13.6
29147	3.5
29149	14.8
29151	11.2
29153	29.4
29155	23.3
29157	17
29159	20
29161	9.6
29163	30
29165	10.4
29167	17
29169	4.8
29171	3.6
29173	18
29175	23.6
29177	22
29179	31.7
29181	19.5
29183	9.2
29185	26.7
29186	15.7
29187	24.6
29189	12.5
29195	16
29197	28.6
29199	56.7
29201	19
29203	18.7
29205	16.9
29207	17.2
29209	23.7
29211	23.9
29213	15.6
29215	26.2
29217	16.2
29219	19.5
29221	14.4
29223	24.8
29225	24.6
29227	18.6
29229	24.8
29510	16.1
30001	8.1
30003	31.5
30005	23.7
30007	38.4
30009	24.1
30011	22.2
30013	13.8
30015	28.9
30017	14.4
30019	14.4
30021	7.5
30023	28
30025	7.8
30027	25.8
30029	16.7
30031	5.2
30033	0
30035	20.3
30037	2.3
30039	35.3
30041	11.5
30043	21.9
30045	0.8
30047	24
30049	13.6
30051	29.1
30053	26.7
30055	8.8
30057	13.7
30059	34.9
30061	17
30063	9.3
30065	15.4
30067	19.9
30069	46.7
30071	20
30073	28.1
30075	11.5
30077	22.1
30079	28.8
30081	26.3
30083	18.9
30085	29.9
30087	14.9
30089	32.7
30091	17.6
30093	18
30095	18
30097	28.6
30099	25.4
30101	44.6
30103	36.7
30105	25.8
30107	52.4
30109	18.7
30111	16.4
31001	7.7
31003	11.2
31005	17.6
31007	7.4
31009	27
31011	12.8
31013	27.4
31015	11
31017	62.7
31019	5.3
31021	22.9
31023	22.7
31025	14.2
31027	14
31029	9.5
31031	29.2
31033	9
31035	25.2
31037	20.8
31039	20.8
31041	26.9
31043	18
31045	5.3
31047	27
31049	12.6
31051	14.3
31053	16.3
31055	12.7
31057	18.4
31059	15.8
31061	6.9
31063	8.1
31065	34.3
31067	15.3
31069	42
31071	4.1
31073	10.9
31075	2.5
31077	29
31079	17.7
31081	25.1
31083	15.1
31085	32.9
31087	15.5
31089	14.8
31091	0
31093	11.9
31095	16.2
31097	30.4
31099	14.4
31101	12.6
31103	2.4
31105	25.3
31107	14.8
31109	6.3
31111	21.3
31113	0
31115	38.1
31117	35.7
31119	10.3
31121	12
31123	24.8
31125	12.7
31127	9.9
31129	16.8
31131	17
31133	31.4
31135	27.4
31137	19.2
31139	9.6
31141	19.7
31143	24.7
31145	9.3
31147	11.2
31149	6
31151	20
31153	10.5
31155	10.8
31157	14.4
31159	4.3
31161	30.1
31163	11.9
31165	7.1
31167	12.4
31169	21.5
31171	19.5
31173	30.2
31175	17.2
31177	13
31179	3.6
31181	28
31183	11.1
31185	13.6
32001	19.8
32003	20.2
32005	17.3
32007	19
32009	1.2
32011	48.1
32013	31.9
32015	24.3
32017	30.1
32019	30.2
32021	6.1
32023	32.3
32027	38
32029	16.9
32031	15.9
32033	23.9
32510	17.4
33001	15.4
33003	14.8
33005	6.1
33007	13.2
33009	6.6
33011	12.9
33013	10.9
33015	13.5
33017	6.1
33019	17.4
34001	12.3
34003	10.1
34005	11.3
34007	13.1
34009	14.3
34011	17.6
34013	13.7
34015	10.6
34017	12.8
34019	16.6
34021	12.1
34023	9
34025	10.9
34027	12.2
34029	13
34031	13.1
34033	15.6
34035	13.5
34037	12.2
34039	15.3
34041	14.6
35001	18.9
35003	0
35005	23.1
35006	27.3
35007	25.5
35009	15.8
35011	59.1
35013	14
35015	23.4
35017	20.4
35019	16.8
35021	14.6
35023	23.7
35025	23.4
35027	24.2
35028	23.5
35029	21.1
35031	25.1
35033	12.8
35035	16
35037	34.7
35039	23.8
35041	12.2
35043	17.8
35045	23
35047	16.8
35049	25.2
35051	17.1
35053	21.6
35055	23.4
35057	32
35059	15.4
35061	18.6
36001	7.2
36003	7.2
36005	24.2
36007	9.7
36009	18.3
36011	19.4
36013	13.8
36015	14.1
36017	16.6
36019	12
36021	16.9
36023	3.5
36025	8.8
36027	10.5
36029	10.5
36031	17.8
36033	23.6
36035	24.5
36037	13.1
36039	24.8
36041	13.5
36043	13.3
36045	8.1
36047	15.5
36049	18.5
36051	6.5
36053	7.1
36055	11.8
36057	19.1
36059	8.7
36061	10.5
36063	9.8
36065	13.2
36067	10.9
36069	9.2
36071	13.2
36073	23.3
36075	10.3
36077	7.8
36079	8
36081	13.6
36083	7.6
36085	10.4
36087	15.3
36089	11.5
36091	11.9
36093	14.5
36095	9.1
36097	19.7
36099	26.9
36101	17.2
36103	10.8
36105	20.3
36107	13.9
36109	3.1
36111	10.6
36113	12.5
36115	21.2
36117	17.9
36119	11.9
36121	17
36123	19.7
37001	17.3
37003	12.9
37005	22.1
37007	20.6
37009	24.4
37011	14.4
37013	18.5
37015	30.5
37017	26.2
37019	16.8
37021	14.9
37023	24.2
37025	19.4
37027	21.1
37029	8.3
37031	15.8
37033	20.9
37035	14.7
37037	16.9
37039	15
37041	15.5
37043	27.2
37045	14.6
37047	25
37049	12.3
37051	11.4
37053	19.3
37055	15.8
37057	22.6
37059	16.7
37061	28.6
37063	15.2
37065	26.3
37067	16.7
37069	18.5
37071	18.7
37073	11.2
37075	32
37077	25
37079	21.1
37081	12.6
37083	23.4
37085	14.9
37087	20.3
37089	21.5
37091	14
37093	20.9
37095	31.7
37097	18.3
37099	4.7
37101	20.9
37103	15.9
37105	18.3
37107	21.5
37109	15.7
37111	16.7
37113	24.7
37115	15.7
37117	13.4
37119	14.7
37121	19.3
37123	17.9
37125	14.6
37127	22
37129	8.9
37131	22.1
37133	7.6
37135	5.8
37137	21.3
37139	9.3
37141	22
37143	8
37145	22.2
37147	7.3
37149	15
37151	19.8
37153	23.7
37155	23.4
37157	21.6
37159	17.6
37161	26.7
37163	22.7
37165	20.9
37167	21
37169	19
37171	17.2
37173	13.9
37175	16.2
37177	28.1
37179	16
37181	27.2
37183	13
37185	25.7
37187	29.6
37189	2.1
37191	18
37193	17.1
37195	23.3
37197	13.9
37199	9.3
38001	10.8
38003	12.1
38005	21.9
38007	9.1
38009	15.4
38011	11.4
38013	23
38015	7.9
38017	7
38019	10.1
38021	9.6
38023	11.2
38025	24.1
38027	7.4
38029	15.9
38031	14.6
38033	12.5
38035	3
38037	26.1
38039	24.4
38041	10.8
38043	21.9
38045	24.3
38047	11.1
38049	9.7
38051	40.3
38053	17.6
38055	20.2
38057	21.6
38059	7.2
38061	24.4
38063	4.6
38065	11.6
38067	13.4
38069	16.3
38071	11.4
38073	20.1
38075	28.9
38077	6.4
38079	22.5
38081	16.2
38083	40.7
38085	27.7
38087	11.1
38089	13
38091	12.3
38093	14.4
38095	19.2
38097	6.5
38099	30.1
38101	9.2
38103	12.2
38105	14.4
39001	16.5
39003	16.7
39005	13.7
39007	25.4
39009	2.3
39011	16.5
39013	18.1
39015	7.6
39017	9.5
39019	17
39021	15.6
39023	16.1
39025	12.2
39027	15.1
39029	18
39031	20.7
39033	21.7
39035	17.1
39037	13.9
39039	13.2
39041	12.8
39043	12.2
39045	17.1
39047	23
39049	11.9
39051	15.7
39053	14.7
39055	24.2
39057	7.4
39059	15.5
39061	12.6
39063	8.2
39065	8.1
39067	19.8
39069	15.7
39071	15.1
39073	14.5
39075	64.1
39077	18.8
39079	22.8
39081	9.8
39083	12.3
39085	13.9
39087	16.4
39089	14.6
39091	19
39093	17.3
39095	16.5
39097	19.1
39099	16.4
39101	20.5
39103	13.1
39105	18.2
39107	14.8
39109	14.6
39111	16.5
39113	15.7
39115	16.3
39117	21.7
39119	11.7
39121	30.3
39123	13.8
39125	16.1
39127	25.9
39129	20.5
39131	21.6
39133	6.9
39135	19.2
39137	16.2
39139	21.2
39141	20.9
39143	9
39145	15.4
39147	10.8
39149	14.7
39151	13.6
39153	13.5
39155	19.5
39157	16.1
39159	13.6
39161	16.7
39163	16.4
39165	15.5
39167	11.7
39169	17.7
39171	15.2
39173	5.5
39175	22.3
40001	24.4
40003	16.6
40005	25.1
40007	34.2
40009	31.1
40011	29.9
40013	15.2
40015	25.5
40017	14
40019	24.1
40021	12.7
40023	17.3
40025	28.6
40027	8.2
40029	24
40031	11.8
40033	27.6
40035	24.1
40037	21.6
40039	8.2
40041	22
40043	35.8
40045	25.4
40047	18.7
40049	22.8
40051	21.5
40053	19.3
40055	28.1
40057	19.6
40059	26.9
40061	29
40063	23.6
40065	14
40067	19.4
40069	12.2
40071	25.1
40073	18.3
40075	20.4
40077	18.2
40079	22.5
40081	20.5
40083	14.6
40085	20.2
40087	14.9
40089	27.3
40091	22
40093	28.4
40095	28.6
40097	22.6
40099	24.6
40101	20
40103	17.9
40105	21.2
40107	30.3
40109	17.1
40111	15
40113	21.3
40115	18.7
40117	20.4
40119	5.1
40121	23.5
40123	14.4
40125	19
40127	25.6
40129	36.7
40131	15.7
40133	23.9
40135	24
40137	23
40139	28.7
40141	34.4
40143	18.6
40145	20.6
40147	15.6
40149	34.1
40151	10.8
40153	24.5
41001	19.4
41003	3.4
41005	11.8
41007	20.4
41009	15.2
41011	21.2
41013	29.2
41015	41.2
41017	16.5
41019	20.6
41021	28.8
41023	16.9
41025	19
41027	15.7
41029	16.8
41031	28.6
41033	17.7
41035	20
41037	7.7
41039	8.9
41041	21.1
41043	19.2
41045	20.3
41047	17
41049	29.6
41051	12.6
41053	10.8
41055	18.8
41057	20.1
41059	24.5
41061	10.2
41063	16.7
41065	26.8
41067	14.1
41069	12.5
41071	12.1
42001	11.4
42003	10.2
42005	15.2
42007	12.7
42009	18.6
42011	13.9
42013	8.4
42015	21.7
42017	10.9
42019	8.9
42021	9.1
42023	11.1
42025	9.4
42027	3.7
42029	11.4
42031	8.9
42033	22
42035	10.6
42037	8
42039	16.1
42041	11.5
42043	18.3
42045	11
42047	13.2
42049	12.1
42051	18.7
42053	34.2
42055	18.5
42057	17.8
42059	10.7
42061	9.9
42063	7.1
42065	16.3
42067	24.4
42069	11
42071	18.9
42073	12.8
42075	17.7
42077	13.6
42079	12.9
42081	11.9
42083	15.6
42085	15
42087	24.8
42089	9.7
42091	11.4
42093	14.4
42095	9.3
42097	22
42099	16.8
42101	14.3
42103	13.1
42105	15
42107	16.3
42109	12.6
42111	13
42113	28.6
42115	17.7
42117	12
42119	6.9
42121	17.9
42123	18.6
42125	10.3
42127	13.7
42129	11.6
42131	15.7
42133	14.4
44001	4.9
44003	11.1
44005	10
44007	12.3
44009	6.2
45001	11.2
45003	17.2
45005	15.8
45007	20.9
45009	17.1
45011	19.5
45013	13.2
45015	15.6
45017	19.4
45019	10.6
45021	22.7
45023	25.2
45025	26.5
45027	34
45029	31.7
45031	21.3
45033	29.6
45035	18.2
45037	26.8
45039	14
45041	17.2
45043	15.1
45045	15
45047	19.6
45049	24.4
45051	15.7
45053	25.6
45055	17.9
45057	22.1
45059	23
45061	24.2
45063	14.9
45065	20.3
45067	20.5
45069	25.1
45071	18.6
45073	15.8
45075	18.1
45077	8.3
45079	8.4
45081	25.3
45083	14.5
45085	15.6
45087	20.7
45089	23.1
45091	13.6
46003	23
46005	34.7
46007	58.2
46009	17.8
46011	1.7
46013	14.6
46015	26.9
46017	27.9
46019	25.7
46021	6.9
46023	23.7
46025	31.6
46027	3.5
46029	11.5
46031	50.1
46033	34
46035	13.7
46037	16.8
46039	29.8
46041	35.2
46043	13.8
46045	25.4
46047	22.4
46049	6.5
46051	19.5
46053	11.6
46055	23.4
46057	19.1
46059	21
46061	28.1
46063	47.8
46065	17.6
46067	26.4
46069	17.1
46071	44.9
46073	34.5
46075	42.3
46077	8.5
46079	11
46081	11.7
46083	15.9
46085	32
46087	15
46089	9.4
46091	25.2
46093	17.4
46095	50.3
46097	19.5
46099	13.5
46101	22.4
46102	40.1
46103	12.9
46105	18.5
46107	32.3
46109	29.6
46111	6.8
46115	24.9
46117	9
46119	21.4
46121	39.9
46123	12.9
46125	17.3
46127	20.5
46129	17.5
46135	19.9
46137	27.7
47001	13.6
47003	17.1
47005	14.5
47007	25.4
47009	15.4
47011	12.8
47013	13.6
47015	8.4
47017	9.6
47019	11.7
47021	7.9
47023	11.1
47025	9.3
47027	22.8
47029	11.5
47031	16.2
47033	16.4
47035	11.9
47037	10.8
47039	15
47041	9.2
47043	14.8
47045	17.3
47047	14.8
47049	10.9
47051	7.2
47053	10.9
47055	12.5
47057	7.7
47059	9.2
47061	17.7
47063	14.6
47065	13.1
47067	5.7
47069	29.4
47071	23.9
47073	12.6
47075	24.2
47077	12.5
47079	14.8
47081	21.4
47083	19.3
47085	14.1
47087	5.8
47089	5.8
47091	15.8
47093	9.5
47095	30.4
47097	24.2
47099	16.9
47101	10
47103	21.9
47105	13.8
47107	14.1
47109	12
47111	16.3
47113	10.2
47115	17.6
47117	10.8
47119	14.2
47121	14.8
47123	17.9
47125	7.7
47127	18.8
47129	18.2
47131	15.7
47133	14.3
47135	10.6
47137	7.5
47139	12.6
47141	6.9
47143	16.1
47145	25.1
47147	13.6
47149	8.1
47151	12.6
47153	12.9
47155	15.9
47157	15.9
47159	13.8
47161	10.5
47163	13
47165	14
47167	14.8
47169	27.6
47171	8.5
47173	11.1
47175	10.4
47177	16.8
47179	7.4
47181	17.5
47183	3.9
47185	12.8
47187	16.2
47189	13.6
48001	24.2
48003	21.2
48005	14.5
48007	23.3
48009	19
48011	8.3
48013	19.4
48015	17.1
48017	48.9
48019	21.8
48021	25.3
48023	34.1
48025	25.6
48027	10.7
48029	15.6
48031	13.1
48033	34.8
48035	16.3
48037	17.3
48039	14.9
48041	5.3
48043	10.8
48045	12.3
48047	25.2
48049	17.3
48051	19.1
48053	23.2
48055	20.8
48057	22.9
48059	18.1
48061	22.9
48063	27
48065	26.7
48067	13.7
48069	27.3
48071	23.2
48073	23.4
48075	35.1
48077	20.9
48079	41.7
48081	16.5
48083	33.6
48085	13.4
48087	51.4
48089	23.1
48091	13.7
48093	24.3
48095	33
48097	19.8
48099	11.5
48101	15
48103	33.6
48105	26.5
48107	26.7
48109	15.4
48111	14.7
48113	20.8
48115	38.5
48117	17.8
48119	26.1
48121	11.7
48123	17.3
48125	39
48127	25.5
48129	7.2
48131	28.5
48133	7.7
48135	20.9
48137	32
48139	16.6
48141	14.7
48143	7.7
48145	32.7
48147	25.1
48149	16.5
48151	10.1
48153	13.9
48155	78
48157	15.2
48159	7.4
48161	22.5
48163	35.3
48165	21.2
48167	15.9
48169	28.9
48171	15
48173	29.2
48175	14.1
48177	35.8
48179	19.5
48181	21.1
48183	16.5
48185	29.7
48187	18.7
48189	18.7
48191	27.4
48193	28.3
48195	36
48197	37.8
48199	18.1
48201	19.9
48203	12.5
48205	8
48207	24.5
48209	6.9
48211	24.3
48213	13.8
48215	22.3
48217	19.6
48219	13.7
48221	20.4
48223	13
48225	27.1
48227	20.3
48229	26.3
48231	15.3
48233	20.9
48235	21.8
48237	30.2
48239	19.5
48241	20.5
48243	51.3
48245	17.2
48247	31.5
48249	35.5
48251	19.2
48253	34.5
48255	37
48257	15.3
48259	19.7
48261	21.4
48263	23.9
48265	19.6
48267	15.5
48269	44.4
48271	24.9
48273	13.8
48275	23
48277	23.3
48279	26.4
48281	32.9
48283	28.5
48285	21.8
48287	28.5
48289	21.2
48291	23.6
48293	27.5
48295	21.7
48297	27.6
48299	16.6
48301	0
48303	9.4
48305	14.5
48307	11.6
48309	12
48311	17.5
48313	40.8
48315	19.8
48317	38.9
48319	30.9
48321	20.2
48323	25.7
48325	25.4
48327	24.5
48329	18.3
48331	30.5
48333	25.1
48335	41.7
48337	20.7
48339	20.3
48341	31
48343	27.7
48345	19.3
48347	9.1
48349	21.8
48351	27.1
48353	17.3
48355	16.4
48357	29.6
48359	28.9
48361	17.1
48363	24.3
48365	16.4
48367	16.6
48369	26.8
48371	30
48373	27.1
48375	21.2
48377	59
48379	22.4
48381	11.3
48383	12.5
48385	48.6
48387	18.3
48389	25
48391	23.4
48393	0
48395	19.5
48397	13.5
48399	21
48401	23.8
48403	21.1
48405	17.2
48407	34.6
48409	22.5
48411	26.7
48413	5.4
48415	18.6
48417	14.1
48419	26.9
48421	19.3
48423	14.7
48425	16.9
48427	24
48429	36.8
48431	22.7
48433	9.1
48435	24.9
48437	20.3
48439	16.2
48441	9.7
48443	18.8
48445	35.3
48447	15.7
48449	18.3
48451	10.8
48453	12.3
48455	22.8
48457	33.3
48459	19.5
48461	20.8
48463	12.4
48465	23.7
48467	26.8
48469	23
48471	9.3
48473	9.6
48475	20.9
48477	11.9
48479	20.8
48481	16.7
48483	10.3
48485	7.9
48487	18.7
48489	24.7
48491	14
48493	17.6
48495	22.6
48497	17.7
48499	15.7
48501	17
48503	26
48505	31.1
48507	19
49001	33.8
49003	15.1
49005	5.4
49007	9.7
49009	23.6
49011	14.2
49013	25.7
49015	10.9
49017	30.7
49019	17.3
49021	14.9
49023	18.4
49025	12.4
49027	15.8
49029	7.1
49031	14.7
49033	34.8
49035	14.1
49037	30.5
49039	15.2
49041	22.8
49043	15.3
49045	16.7
49047	15.6
49049	9.9
49051	12.1
49053	12.8
49055	24.4
49057	14.1
50001	6
50003	10.7
50005	12.1
50007	6.5
50009	18.6
50011	12
50013	11.9
50015	9.3
50017	12.7
50019	15.4
50021	9.1
50023	9.4
50025	11.9
50027	17.1
51001	26.6
51003	4.5
51005	22.3
51007	12.2
51009	9.5
51011	10.8
51013	7.9
51015	16.2
51017	5.7
51019	9.5
51021	20
51023	17.7
51025	21
51027	11.8
51029	14.4
51031	16.3
51033	6.8
51035	7.5
51036	11.3
51037	5.4
51041	10.9
51043	7.8
51045	0
51047	14
51049	7.8
51051	11.9
51053	5.2
51057	16.8
51059	14
51061	8.4
51063	17.8
51065	24.4
51067	9.5
51069	14.6
51071	14.6
51073	15.5
51075	19.2
51077	16
51079	7.1
51081	18.1
51083	15.6
51085	13.4
51087	13.9
51089	12.8
51091	16.1
51093	14.1
51095	13.5
51097	20.9
51099	11.3
51101	5.7
51103	10.2
51105	21.4
51107	16.6
51109	14.8
51111	21.3
51113	19.5
51115	15.8
51117	18.7
51119	4.4
51121	2.7
51125	12.9
51127	13.9
51131	17.8
51133	8.2
51135	26.7
51137	10.7
51139	14.8
51141	10.5
51143	14.7
51145	26.2
51147	6.4
51149	12.5
51153	13.1
51155	9.9
51157	13.1
51159	16.7
51161	12
51163	16
51165	13
51167	12.6
51169	4.1
51171	14.5
51173	14.7
51175	21.2
51177	11.8
51179	11.1
51181	25.8
51183	38.5
51185	14.6
51187	7.9
51191	11.1
51193	6.2
51195	12.2
51197	8.5
51199	9.3
51510	14.4
51520	10.4
51530	0.5
51540	4.9
51550	12.2
51570	14.1
51580	20.9
51590	13.7
51595	26.5
51600	5.9
51610	4.1
51620	31.3
51630	2.6
51640	25.2
51650	8.8
51660	2.9
51670	31.5
51678	1
51680	5.4
51683	21.6
51685	15.4
51690	8.2
51700	9.4
51710	6.9
51720	25.3
51730	14.3
51735	15.3
51740	12.1
51750	1.7
51760	10.7
51770	14.2
51775	7
51790	6.9
51800	13.9
51810	8.8
51820	19.4
51830	1.5
51840	8.9
53001	36.5
53003	23.8
53005	20.8
53007	24.1
53009	20.7
53011	17.4
53013	6.6
53015	20.4
53017	18.9
53019	46
53021	28.9
53023	11
53025	28.7
53027	20.8
53029	14.7
53031	25.2
53033	12.2
53035	11.5
53037	6.1
53039	24
53041	20.2
53043	14.9
53045	29.9
53047	26.1
53049	27.3
53051	34.7
53053	15.6
53055	17.7
53057	25.5
53059	20
53061	15.4
53063	10.9
53065	25.1
53067	14.8
53069	37.2
53071	13.7
53073	9.4
53075	1.2
53077	28.7
54001	9.8
54003	17
54005	21.3
54007	32.6
54009	11.1
54011	9.7
54013	11.6
54015	19.5
54017	26.2
54019	17.3
54021	7.8
54023	16.3
54025	22.4
54027	21.5
54029	20
54031	24.9
54033	17.7
54035	13.7
54037	14.1
54039	20.4
54041	15.6
54043	16.9
54045	15
54047	32.3
54049	11.2
54051	8.5
54053	23.1
54055	14
54057	9.5
54059	17.2
54061	3.5
54063	10.6
54065	13.3
54067	14.7
54069	8.9
54071	25.9
54073	9
54075	10
54077	18
54079	7.7
54081	11.9
54083	24.3
54085	23.1
54087	26
54089	20
54091	9.2
54093	7
54095	19
54097	9.1
54099	13.4
54101	10.4
54103	19.8
54105	21.1
54107	15.8
54109	23.3
55001	21.5
55003	8.9
55005	15.6
55007	14.2
55009	16.8
55011	14.5
55013	14.7
55015	14.6
55017	14.2
55019	37.3
55021	18.5
55023	8.9
55025	6.3
55027	15
55029	20.8
55031	10.9
55033	4.5
55035	6.9
55037	23.9
55039	10.6
55041	18.9
55043	8.4
55045	10.5
55047	18.4
55049	9.9
55051	22.2
55053	18
55055	8.2
55057	17.9
55059	12
55061	17.6
55063	5.3
55065	21
55067	18.6
55069	13.1
55071	13.2
55073	12.2
55075	12.1
55077	19.3
55078	24.9
55079	15.5
55081	16.2
55083	15
55085	11
55087	12.8
55089	14.3
55091	19.6
55093	5.8
55095	14.9
55097	4.4
55099	8.1
55101	17.6
55103	11.3
55105	12.7
55107	22.6
55109	14.1
55111	17.2
55113	29.4
55115	12.7
55117	13.7
55119	18.5
55121	17
55123	25.6
55125	14.9
55127	8.6
55129	13.6
55131	12
55133	11
55135	14.7
55137	29.6
55139	7.4
55141	12.2
56001	1.4
56003	21.7
56005	18.3
56007	17.6
56009	12.4
56011	19.9
56013	21.6
56015	13.3
56017	15.7
56019	29.1
56021	13.6
56023	14
56025	17.3
56027	22.6
56029	12.4
56031	7.1
56033	5.5
56035	30.2
56037	16.9
56039	7.4
56041	18.4
56043	34.2
56045	16.5